handle,domain,eligible_for_bounty
lowes,www.lowesprosupply.com/,False
lowes,lowes.com,False
lowes,lowes.com,False
lowes,www.lowesprosupply.com/,False
banco_bmg,*.bmgconsig.com.br,False
banco_bmg,*.help.com.br,False
banco_bmg,*.bancobmg.com.br,False
banco_bmg,*.bancobmg.com.br,False
banco_bmg,*.bmgconsig.com.br,False
banco_bmg,*.help.com.br,False
rei_vdp,reiadventures.force.com,False
rei_vdp,login.rei.com,False
rei_vdp,test-login.rei.com,False
rei_vdp,engineering.rei.com,False
rei_vdp,rei.com,False
rei_vdp,rei.com,False
rei_vdp,reiadventures.force.com,False
rei_vdp,engineering.rei.com,False
rei_vdp,login.rei.com,False
rei_vdp,test-login.rei.com,False
dyson,www.dyson.se,True
dyson,www.dyson.be,True
dyson,www.dyson.pt,True
dyson,www.dyson.no,True
dyson,www.dyson.dk,True
dyson,www.fi.dyson.com,True
dyson,api.dyson.se,True
dyson,api.dysoncanada.ca,True
dyson,api.dyson.dk,True
dyson,api.dyson.nl,True
dyson,api.dyson.be,True
dyson,api.dyson.pt,True
dyson,api.dyson.no,True
dyson,api.dyson.de,True
dyson,api.dyson.ch,True
dyson,api.dyson.fr,True
dyson,api.dyson.ie,True
dyson,www.sa.dyson.com,True
dyson,shop.dyson.ru,True
dyson,*.dyson.com,True
dyson,www.dyson.co.uk,True
dyson,www.dyson.com,True
dyson,www.dysoncanada.ca,True
dyson,www.dyson.it,True
dyson,www.dyson.ie,True
dyson,www.dyson.ch,True
dyson,www.dyson.se,True
dyson,www.dyson.nl,True
dyson,www.dyson.at,True
dyson,www.dyson.be,True
dyson,www.dyson.pt,True
dyson,www.dyson.de,True
dyson,www.dyson.fr,True
dyson,www.dyson.no,True
dyson,www.dyson.dk,True
dyson,www.dyson.es,True
dyson,www.fi.dyson.com,True
dyson,api.dyson.se,True
dyson,api.dysoncanada.ca,True
dyson,api.dyson.dk,True
dyson,api.dyson.it,True
dyson,api.dyson.es,True
dyson,api.dyson.co.uk,True
dyson,api.dyson.at,True
dyson,api.dyson.nl,True
dyson,api.dyson.be,True
dyson,api.dyson.pt,True
dyson,api.dyson.no,True
dyson,api.dyson.de,True
dyson,api.dyson.ch,True
dyson,api.dyson.fr,True
dyson,api.dyson.ie,True
dyson,api.dyson.com,True
dyson,api.fi.dyson.com,True
dyson,www.dyson.pl,True
dyson,www.dyson.in,True
dyson,www.dyson.com.mx,True
dyson,www.dyson.com.sg,True
dyson,www.dyson.co.kr,True
dyson,www.dyson.co.nz,True
dyson,www.dyson.com.tr,True
dyson,www.dyson.ae,True
dyson,www.dyson.co.il,True
dyson,www.dyson.com.au,True
dyson,www.dyson.hk,True
dyson,www.dyson.co.th,True
dyson,www.dyson.my,True
dyson,shop.dyson.co.za,True
dyson,www.sa.dyson.com,True
dyson,www.dyson.cz,True
dyson,www.dyson.hu,True
dyson,www.dyson.co.jp,True
dyson,www.dyson.com.ro,True
dyson,www.dyson.vn,True
dyson,*.cp.dyson.com,True
dyson,www.dyson.cn,True
dyson,shop.dyson.ru,True
dyson,www.dyson.com.ua,True
dyson,*.dyson.com,True
truecaller,account-onboarding-noneu.truecaller.com,True
truecaller,ads-audience-ingestion-noneu.truecaller.com,True
truecaller,ads-audience-uploader.truecaller.com,True
truecaller,ads-rules-asia-south1.truecaller.com,True
truecaller,ads-rules-noneu.truecaller.com,True
truecaller,ads5-asia-south1.truecaller.com,True
truecaller,api4-asia-south1.truecaller.com,True
truecaller,apigw-noneu.truecaller.com,True
truecaller,assure-noneu.truecaller.com,True
truecaller,audience-uploader-asia-south1.truecaller.com,True
truecaller,audience-uploader-noneu.truecaller.com,True
truecaller,audience-uploader.truecaller.com,True
truecaller,auth4-asia-south1.truecaller.com,True
truecaller,auth4-noneu.truecaller.com,True
truecaller,backup.truecaller.com,True
truecaller,batchlogging4.truecaller.com,True
truecaller,callkit-asia-south1.truecaller.com,True
truecaller,comments-asia-south1.truecaller.com,True
truecaller,comments-noneu.truecaller.com,True
truecaller,company-profile-asia-south1.truecaller.com,True
truecaller,company-profile-noneu.truecaller.com,True
truecaller,contact-lists-noneu.truecaller.com,True
truecaller,contact-request-stateless-noneu.truecaller.com,True
truecaller,contact-upload4-asia-south1.truecaller.com,True
truecaller,contact-upload4.truecaller.com,True
truecaller,device-safety-asia-south1.truecaller.com,True
truecaller,duo-eu.truecaller.com,True
truecaller,duo-invite-eu.truecaller.com,True
truecaller,duo-invite-noneu.truecaller.com,True
truecaller,duo-invite.truecaller.com,True
truecaller,duo-noneu.truecaller.com,True
truecaller,duo.truecaller.com,True
truecaller,email-verification-noneu.truecaller.com,True
truecaller,enterprise-account-management-noneu.truecaller.com,True
truecaller,enterprise-auth-noneu.truecaller.com,True
truecaller,enterprise-bizengage-noneu.truecaller.com,True
truecaller,enterprise-biznumbers-noneu.truecaller.com,True
truecaller,enterprise-feedback-noneu.truecaller.com,True
truecaller,enterprise-service-management-noneu.truecaller.com,True
truecaller,enterprise-survey-asia-south1.truecaller.com,True
truecaller,enterprise-survey-noneu.truecaller.com,True
truecaller,enterprise-webhooks-noneu.truecaller.com,True
truecaller,feedback-asia-south1.truecaller.com,True
truecaller,filter-store4-asia-south1.truecaller.com,True
truecaller,filter-store4.truecaller.com,True
truecaller,images-asia-south1.truecaller.com,True
truecaller,images.truecaller.com,True
truecaller,insights-categorizer-noneu.truecaller.com,True
truecaller,leadgen-asia-south1.truecaller.com,True
truecaller,messenger-previews-asia-south1.truecaller.com,True
truecaller,business.truecaller.com,True
truecaller,account-noneu.truecaller.com,True
truecaller,account-onboarding-noneu.truecaller.com,True
truecaller,ads-audience-ingestion-noneu.truecaller.com,True
truecaller,ads-audience-uploader.truecaller.com,True
truecaller,ads-config-engine-noneu.truecaller.com,True
truecaller,ads-partner-noneu.truecaller.com,True
truecaller,ads-rules-asia-south1.truecaller.com,True
truecaller,ads-rules-noneu.truecaller.com,True
truecaller,ads5-asia-south1.truecaller.com,True
truecaller,api4-asia-south1.truecaller.com,True
truecaller,apigw-noneu.truecaller.com,True
truecaller,assure-noneu.truecaller.com,True
truecaller,audience-uploader-asia-south1.truecaller.com,True
truecaller,audience-uploader-noneu.truecaller.com,True
truecaller,audience-uploader.truecaller.com,True
truecaller,auth4-asia-south1.truecaller.com,True
truecaller,auth4-noneu.truecaller.com,True
truecaller,backup.truecaller.com,True
truecaller,batchlogging4.truecaller.com,True
truecaller,callkit-asia-south1.truecaller.com,True
truecaller,comments-asia-south1.truecaller.com,True
truecaller,comments-noneu.truecaller.com,True
truecaller,company-profile-asia-south1.truecaller.com,True
truecaller,company-profile-noneu.truecaller.com,True
truecaller,contact-lists-noneu.truecaller.com,True
truecaller,contact-request-stateless-noneu.truecaller.com,True
truecaller,contact-upload4-asia-south1.truecaller.com,True
truecaller,contact-upload4.truecaller.com,True
truecaller,device-safety-asia-south1.truecaller.com,True
truecaller,duo-eu.truecaller.com,True
truecaller,duo-invite-eu.truecaller.com,True
truecaller,duo-invite-noneu.truecaller.com,True
truecaller,duo-invite.truecaller.com,True
truecaller,duo-noneu.truecaller.com,True
truecaller,duo.truecaller.com,True
truecaller,edge-locations5.truecaller.com,True
truecaller,email-verification-noneu.truecaller.com,True
truecaller,enterprise-account-management-noneu.truecaller.com,True
truecaller,enterprise-accounts-noneu.truecaller.com,True
truecaller,enterprise-auth-noneu.truecaller.com,True
truecaller,enterprise-bizengage-noneu.truecaller.com,True
truecaller,enterprise-biznumbers-noneu.truecaller.com,True
truecaller,enterprise-feedback-noneu.truecaller.com,True
truecaller,enterprise-portal-noneu.truecaller.com,True
truecaller,enterprise-reports-noneu.truecaller.com,True
truecaller,enterprise-service-management-noneu.truecaller.com,True
truecaller,enterprise-survey-asia-south1.truecaller.com,True
truecaller,enterprise-survey-noneu.truecaller.com,True
truecaller,enterprise-userfeedback-noneu.truecaller.com,True
truecaller,enterprise-webhooks-noneu.truecaller.com,True
truecaller,feedback-asia-south1.truecaller.com,True
truecaller,filter-store4-asia-south1.truecaller.com,True
truecaller,filter-store4.truecaller.com,True
truecaller,images-asia-south1.truecaller.com,True
truecaller,images.truecaller.com,True
truecaller,insights-categorizer-noneu.truecaller.com,True
truecaller,leadgen-asia-south1.truecaller.com,True
truecaller,messenger-previews-asia-south1.truecaller.com,True
truecaller,messenger-previews-noneu.truecaller.com,True
truecaller,messenger-previews.truecaller.com,True
truecaller,messenger-web-relay-compat-noneu.truecaller.com,True
truecaller,messenger-web-relay-noneu.truecaller.com,True
truecaller,nationalidverification-noneu.truecaller.com,True
truecaller,notifications5-asia-south1.truecaller.com,True
truecaller,notifications5.truecaller.com,True
truecaller,oauth-account-asia-south1.truecaller.com,True
truecaller,oauth-portal-asia-south1.truecaller.com,True
truecaller,oauth-portal-noneu.truecaller.com,True
truecaller,openid-noneu.truecaller.com,True
truecaller,opt-out-noneu.truecaller.com,True
truecaller,otp-callback-noneu.truecaller.com,True
truecaller,outline-asia-south1.truecaller.com,True
truecaller,outline-noneu.truecaller.com,True
truecaller,partner-account-asia-south1.truecaller.com,True
truecaller,partner-account-noneu.truecaller.com,True
truecaller,partners-search.truecaller.com,True
truecaller,phone-gateway-noneu.truecaller.com,True
truecaller,phonebook5-asia-south1.truecaller.com,True
truecaller,phonebook5.truecaller.com,True
truecaller,pixel-noneu.truecaller.com,True
truecaller,pixel.truecaller.com,True
truecaller,placement-rules-noneu.truecaller.com,True
truecaller,premium-noneu.truecaller.com,True
truecaller,presence-grpc-noneu.truecaller.com,True
truecaller,presence-grpc.truecaller.com,True
truecaller,profile-view-asia-south1.truecaller.com,True
truecaller,profile-view.truecaller.com,True
truecaller,profile4-asia-south1.truecaller.com,True
truecaller,profile4.truecaller.com,True
truecaller,push-callerid-noneu.truecaller.com,True
truecaller,pushid-asia-south1.truecaller.com,True
truecaller,recommended-contacts-noneu.truecaller.com,True
truecaller,referrals-asia-south1.truecaller.com,True
truecaller,request3-asia-south1.truecaller.com,True
truecaller,request3-noneu.truecaller.com,True
truecaller,sdk-apps-noneu.truecaller.com,True
truecaller,sdk-otp-verification-noneu.truecaller.com,True
truecaller,search-external-features-asia-south1.truecaller.com,True
truecaller,search-external-features-noneu.truecaller.com,True
truecaller,search-warnings-asia-south1.truecaller.com,True
truecaller,search-warnings-noneu.truecaller.com,True
truecaller,search5-asia-south1.truecaller.com,True
truecaller,search5.truecaller.com,True
truecaller,stores-api-noneu.truecaller.com,True
truecaller,survey-asia-south1.truecaller.com,True
truecaller,survey-noneu.truecaller.com,True
truecaller,tagging5-asia-south1.truecaller.com,True
truecaller,telecom-operator-data-asia-south1.truecaller.com,True
truecaller,telecom-operator-data-noneu.truecaller.com,True
truecaller,telecom-operator-data.truecaller.com,True
truecaller,topspammers-asia-south1.truecaller.com,True
truecaller,truehelper-noneu.truecaller.com,True
truecaller,unlist5-asia-south1.truecaller.com,True
truecaller,unlist5-noneu.truecaller.com,True
truecaller,unlist5.truecaller.com,True
truecaller,unwanted-communication-extension-noneu.truecaller.com,True
truecaller,upload3-asia-south1.truecaller.com,True
truecaller,upload3-noneu.truecaller.com,True
truecaller,url-metadata-noneu.truecaller.com,True
truecaller,user-archive-asia-south1.truecaller.com,True
truecaller,valid-names-noneu.truecaller.com,True
truecaller,verification-noneu.truecaller.com,True
truecaller,video-callerid-noneu.truecaller.com,True
truecaller,voip-asia-south1.truecaller.com,True
truecaller,web-consent-noneu.truecaller.com,True
truecaller,web.truecaller.com,True
truecaller,webdirectory-noneu.truecaller.com,True
truecaller,webonboarding-noneu.truecaller.com,True
truecaller,www.truecaller.com,True
truecaller,account-onboarding-eu.truecaller.com,True
truecaller,ads-segment-profile-eu.truecaller.com,True
truecaller,apple-subscription-monitor-eu.truecaller.com,True
truecaller,comments-eu.truecaller.com,True
truecaller,company-profile-eu.truecaller.com,True
truecaller,contact-lists-eu.truecaller.com,True
truecaller,contact-request-stateless-eu.truecaller.com,True
truecaller,email-verification-eu.truecaller.com,True
truecaller,enterprise-auth-eu.truecaller.com,True
truecaller,insights-categorizer-eu.truecaller.com,True
truecaller,insights-registry-eu.truecaller.com,True
truecaller,messenger-eu.truecaller.com,True
truecaller,messenger-previews-eu.truecaller.com,True
truecaller,messenger-web-eu.truecaller.com,True
truecaller,messenger-web-relay-compat-eu.truecaller.com,True
truecaller,messenger-web-relay-eu.truecaller.com,True
truecaller,messenger-web-relay-europe-west4.truecaller.com,True
truecaller,otp-callback-eu.truecaller.com,True
truecaller,partner-account-eu.truecaller.com,True
truecaller,phone-gateway-eu.truecaller.com,True
truecaller,premium-eu.truecaller.com,True
truecaller,presence-grpc-eu.truecaller.com,True
truecaller,push-callerid-eu.truecaller.com,True
truecaller,request3-eu.truecaller.com,True
truecaller,search-warnings-eu.truecaller.com,True
truecaller,subscription-monitor-eu.truecaller.com,True
truecaller,survey-eu.truecaller.com,True
truecaller,truehelper-eu.truecaller.com,True
truecaller,unlist5-eu.truecaller.com,True
truecaller,unwanted-communication-extension-eu.truecaller.com,True
truecaller,valid-names-eu.truecaller.com,True
truecaller,verification-eu.truecaller.com,True
truecaller,video-callerid-eu.truecaller.com,True
truecaller,webdirectory-eu.truecaller.com,True
truecaller,webonboarding-eu.truecaller.com,True
remitly,cards.remitly.io,True
remitly,rewire.com,True
remitly,rates.rewire.com,True
remitly,api.remitly.io,True
remitly,*.dev.remitly.com,True
remitly,*.int.remitly.com,True
remitly,app.rewire.to,True
remitly,remitly.com,True
remitly,app3.rewire.to,True
remitly,*.int.remitly.com,True
remitly,*.dev.remitly.com,True
remitly,remitly.com,True
remitly,api.remitly.io,True
remitly,cards.remitly.io,True
remitly,rewire.com,True
remitly,app.rewire.to,True
remitly,rates.rewire.com,True
remitly,app3.rewire.to,True
interco_vdp,*.inter.co,False
interco_vdp,*.bancointer.com.br,False
interco_vdp,*.inter.co,False
interco_vdp,*.bancointer.com.br,False
toolsforhumanity,*.toolsforhumanity.com,True
toolsforhumanity,*.worldcoin-distributors.com,True
toolsforhumanity,*.consumer.worldcoin.org,True
toolsforhumanity,getworldcoin.com,True
toolsforhumanity,*.worldcoin.dev,True
toolsforhumanity,toolsforhumanity.com,True
toolsforhumanity,bioid-management.app,True
toolsforhumanity,worldcoin.org,True
toolsforhumanity,*.worldcoin.org,True
toolsforhumanity,*.worldcoin.org,True
toolsforhumanity,*.consumer.worldcoin.org,True
toolsforhumanity,*.worldcoin-distributors.com,True
toolsforhumanity,*.worldcoin.dev,True
toolsforhumanity,*.toolsforhumanity.com,True
toolsforhumanity,toolsforhumanity.com,True
toolsforhumanity,getworldcoin.com,True
toolsforhumanity,bioid-management.app,True
toolsforhumanity,worldcoin.org,True
vendasta,customervoice.biz,False
vendasta,your-domain.socialsmbs.com,False
vendasta,your-domain.steprep.com,False
vendasta,your-domain.smblogin.com,False
vendasta,your-domain.pdqs.mobi,False
vendasta,task-manager.biz,False
vendasta,partners.vendasta.com,False
vendasta,your-domain.snapshotreport.biz,False
vendasta,*.yesware.com,False
vendasta,*.vendasta-internal.com,False
vendasta,*.apigateway.co,False
vendasta,*.apigateway.co,False
vendasta,*.vendasta-internal.com,False
vendasta,*.yesware.com,False
vendasta,customervoice.biz,False
vendasta,your-domain.socialsmbs.com,False
vendasta,your-domain.steprep.com,False
vendasta,your-domain.smblogin.com,False
vendasta,your-domain.pdqs.mobi,False
vendasta,your-domain.snapshotreport.biz,False
vendasta,task-manager.biz,False
vendasta,partners.vendasta.com,False
tari_labs,textexplore.tari.com,True
tari_labs,tlu.tarilabs.com,False
tari_labs,explore.tari.com,True
tari_labs,rfc.tari.com,True
tari_labs,www.tarilabs.com,True
tari_labs,www.tari.com,True
tari_labs,explore.tari.com,True
tari_labs,rfc.tari.com,True
tari_labs,textexplore.tari.com,True
tari_labs,www.tari.com,True
tari_labs,www.tarilabs.com,True
tari_labs,tlu.tarilabs.com,False
international_airlines_group,www.avios.com,False
international_airlines_group,www.iaggbs.com,False
international_airlines_group,*.iaggbs.com,False
international_airlines_group,*.iagcargo.com,False
international_airlines_group,www.aerlingus.com,False
international_airlines_group,*.iairgroup.com,False
international_airlines_group,*.aerlingus.com,False
international_airlines_group,www.aerlingus.com,False
international_airlines_group,www.avios.com,False
international_airlines_group,www.iairgroup.com,False
international_airlines_group,www.iaggbs.com,False
international_airlines_group,*.iagcargo.com,False
international_airlines_group,https://www.shopping.ba.com,False
international_airlines_group,https://exchange.shopping.ba.com/,False
international_airlines_group,https://pgt.shopping.ba.com/,False
international_airlines_group,https://rewards.aerlingus.com/,False
international_airlines_group,https://developer.iagloyalty.com,False
international_airlines_group,https://shop.ba.com/,False
international_airlines_group,https://thewineflyer.co.uk/,False
international_airlines_group,https://www.britishairways.com/travel/btt/execclub/_gf/en_gb,False
international_airlines_group,https://rewardsapp.iagl.digital/v3,False
international_airlines_group,https://api.pgt.shopping.ba.com/,False
international_airlines_group,https://docs.iagloyalty.com,False
international_airlines_group,*.aerlingus.com,False
international_airlines_group,*.iaggbs.com,False
international_airlines_group,*.iairgroup.com,False
arkose_labs,client-api.arkoselabs.com,True
arkose_labs,cdn.arkoselabs.com,True
arkose_labs,customer-sessions.arkoselabs.com,True
arkose_labs,verify.arkoselabs.com,True
arkose_labs,iframe.arkoselabs.com,True
arkose_labs,demo.arkoselabs.com,True
arkose_labs,portal.arkoselabs.com,True
arkose_labs,www.arkoselabs.com,True
arkose_labs,client-api.arkoselabs.com,True
arkose_labs,cdn.arkoselabs.com,True
arkose_labs,customer-sessions.arkoselabs.com,True
arkose_labs,portal.arkoselabs.com,True
arkose_labs,verify.arkoselabs.com,True
arkose_labs,iframe.arkoselabs.com,True
arkose_labs,www.arkoselabs.com,True
arkose_labs,demo.arkoselabs.com,True
sheer_bbp,my.sheer.com,True
sheer_bbp,www.sheer.com,True
sheer_bbp,www.sheer.com,True
sheer_bbp,my.sheer.com,True
pornbox,www.analvids.com,True
pornbox,www.ddfcontent.com,True
pornbox,www.pornworld.com,True
pornbox,www.pornbox.com,True
pornbox,www.pornbox.com,True
pornbox,www.analvids.com,True
pornbox,www.ddfcontent.com,True
pornbox,www.pornworld.com,True
fireblocks,sandbox.fireblocks.io,True
fireblocks,sandbox.fireblocks.io,True
fireblocks,http://sb-mobile-api.fireblocks.io,True
fireblocks,http://sb-console-api.fireblocks.io,True
fireblocks,http://sandbox-api.fireblocks.io,True
dynatrace,sso-sprint.dynatracelabs.com,True
dynatrace,myaccount-hardening.dynatracelabs.com,True
dynatrace,*.sprint.apps.dynatracelabs.com,True
dynatrace,account-sprint.dynatracelabs.com,True
dynatrace,university-staging.dynatracelabs.com,True
dynatrace,*.sprint.dynatracelabs.com,True
dynatrace,*.sprint.dynatracelabs.com,True
dynatrace,*.sprint.apps.dynatracelabs.com,True
dynatrace,account-sprint.dynatracelabs.com,True
dynatrace,sso-sprint.dynatracelabs.com,True
dynatrace,university-staging.dynatracelabs.com,True
dynatrace,myaccount-hardening.dynatracelabs.com,True
dynamic_labs,demo.dynamic.xyz,True
dynamic_labs,app.dynamic-preprod.xyz,True
dynamic_labs,app.dynamic.xyz,True
dynamic_labs,app.dynamic-preprod.xyz,True
dynamic_labs,demo.dynamic.xyz,True
dynamic_labs,app.dynamic.xyz,True
wellhive,wellhivecorporate.okta.com,False
wellhive,analytics.wellhive.com,False
wellhive,login.wellhive.com,False
wellhive,app.wellhive.com,False
wellhive,wellhivecorporate.okta.com,False
wellhive,analytics.wellhive.com,False
wellhive,app.wellhive.com,False
wellhive,login.wellhive.com,False
hostinger,www.zyro.com,True
hostinger,editor.zyro.com,True
hostinger,logo.zyro.com,True
hostinger,payments.hostinger.com,True
hostinger,www.niagahoster.co.id,True
hostinger,*.000webhost.com,True
hostinger,backend.zyro.com,True
hostinger,cpanel.hostinger.com,True
hostinger,www.hostinger.com,True
hostinger,hpanel.hostinger.com,True
hostinger,*.000webhost.com,True
hostinger,www.hostinger.com,True
hostinger,cpanel.hostinger.com,True
hostinger,hpanel.hostinger.com,True
hostinger,payments.hostinger.com,True
hostinger,www.zyro.com,True
hostinger,backend.zyro.com,True
hostinger,editor.zyro.com,True
hostinger,logo.zyro.com,True
hostinger,www.niagahoster.co.id,True
eufy_security,https://passport.eufy.com/?app=eufy-us,True
egress-vdp,switch.vdp-egress.com,False
egress-vdp,reader.vdp-egress.com,False
egress-vdp,www.egress.com,False
egress-vdp,reader.vdp-egress.com,False
egress-vdp,switch.vdp-egress.com,False
egress-vdp,www.egress.com,False
23andme_bbp,education.23andme.com,True
23andme_bbp,therapeutics.23andme.com,True
23andme_bbp,mediacenter.23andme.com,True
23andme_bbp,research.23andme.com,True
23andme_bbp,medical.23andme.com,True
23andme_bbp,blog.23andme.com,True
23andme_bbp,api.23andme.com,True
23andme_bbp,auth.23andme.com,True
23andme_bbp,store.23andme.com,True
23andme_bbp,you.23andme.com,True
23andme_bbp,api.23andme.com,True
23andme_bbp,auth.23andme.com,True
23andme_bbp,blog.23andme.com,True
23andme_bbp,education.23andme.com,True
23andme_bbp,mediacenter.23andme.com,True
23andme_bbp,medical.23andme.com,True
23andme_bbp,store.23andme.com,True
23andme_bbp,therapeutics.23andme.com,True
23andme_bbp,you.23andme.com,True
23andme_bbp,research.23andme.com,True
mercadolibre,www.mercadopago.com.mx,True
mercadolibre,www.mercadopago.com.co,True
mercadolibre,www.mercadopago.com.pe,True
mercadolibre,www.mercadopago.com.uy,True
mercadolibre,www.mercadolibre.com.pe,True
mercadolibre,www.mercadolibre.com.uy,True
mercadolibre,www.mercadolibre.com.co,True
mercadolibre,www.mercadopago.cl,True
mercadolibre,www.mercadolibre.com.mx,True
mercadolibre,www.mercadopago.com.ar,True
mercadolibre,api.mercadolibre.com,True
mercadolibre,www.mercadolibre.com.ar,True
mercadolibre,www.mercadopago.com.br,True
mercadolibre,api.mercadopago.com,True
mercadolibre,www.mercadolivre.com.br,True
mercadolibre,www.mercadolibre.cl,True
mercadolibre,api.mercadopago.com,True
mercadolibre,www.mercadopago.com.ar,True
mercadolibre,www.mercadopago.com.br,True
mercadolibre,www.mercadopago.com.mx,True
mercadolibre,www.mercadopago.com.co,True
mercadolibre,www.mercadopago.com.pe,True
mercadolibre,www.mercadopago.com.uy,True
mercadolibre,api.mercadolibre.com,True
mercadolibre,www.mercadolibre.com.ar,True
mercadolibre,www.mercadolivre.com.br,True
mercadolibre,www.mercadolibre.com.mx,True
mercadolibre,www.mercadolibre.com.co,True
mercadolibre,www.mercadolibre.com.pe,True
mercadolibre,www.mercadolibre.com.uy,True
mercadolibre,www.mercadolibre.cl,True
mercadolibre,www.mercadopago.cl,True
temu,www.temu.com,True
temu,www.temu.com,True
bookingcom,supplier.auth.toag.booking.com,True
bookingcom,metasearch-api.booking.com,True
bookingcom,experiences.booking.com,True
bookingcom,webhooks.booking.com,True
bookingcom,taxis.booking.com,True
bookingcom,paybridge.booking.com,True
bookingcom,phone-validation.taxi.booking.com,True
bookingcom,indicative-pricing.taxi.booking.com,True
bookingcom,chat.booking.com,True
bookingcom,autocomplete.booking.com,True
bookingcom,distribution-xml.booking.com,True
bookingcom,paynotifications.booking.com,True
bookingcom,supply-xml.booking.com,True
bookingcom,accommodations.booking.com,True
bookingcom,portal.taxi.booking.com,True
bookingcom,secure-supply-xml.booking.com,True
bookingcom,taxi.booking.com,True
bookingcom,cars.booking.com,True
bookingcom,kyc-onboarding.booking.com,True
bookingcom,spark.fareharbor.com,True
bookingcom,flights.booking.com,True
bookingcom,secure.booking.com,True
bookingcom,widget.rentalcars.com,True
bookingcom,teleport.fareharbor.engineering,True
bookingcom,www.fareharbor.com,True
bookingcom,paymentcomponent.booking.com,True
bookingcom,admin.booking.com,True
bookingcom,*.rentalcars.com,True
bookingcom,account.booking.com,True
bookingcom,*.booking.com,True
bookingcom,booking.com,True
bookingcom,careers.booking.com,True
bookingcom,*.booking.com,True
bookingcom,*.rentalcars.com,True
bookingcom,booking.com,True
bookingcom,secure.booking.com,True
bookingcom,careers.booking.com,True
bookingcom,https://iphone-xml.booking.com/json/,True
bookingcom,https://secure-iphone-xml.booking.com/json/,True
bookingcom,account.booking.com,True
bookingcom,kyc-onboarding.booking.com,True
bookingcom,taxi.booking.com,True
bookingcom,widget.rentalcars.com,True
bookingcom,cars.booking.com,True
bookingcom,supplier.auth.toag.booking.com,True
bookingcom,paymentcomponent.booking.com,True
bookingcom,metasearch-api.booking.com,True
bookingcom,experiences.booking.com,True
bookingcom,webhooks.booking.com,True
bookingcom,taxis.booking.com,True
bookingcom,paybridge.booking.com,True
bookingcom,phone-validation.taxi.booking.com,True
bookingcom,indicative-pricing.taxi.booking.com,True
bookingcom,admin.booking.com,True
bookingcom,chat.booking.com,True
bookingcom,autocomplete.booking.com,True
bookingcom,distribution-xml.booking.com,True
bookingcom,paynotifications.booking.com,True
bookingcom,supply-xml.booking.com,True
bookingcom,accommodations.booking.com,True
bookingcom,portal.taxi.booking.com,True
bookingcom,flights.booking.com,True
bookingcom,secure-supply-xml.booking.com,True
bookingcom,http://secure-iphone-xml.booking.com/json/,True
bookingcom,spark.fareharbor.com,True
bookingcom,www.fareharbor.com,True
bookingcom,teleport.fareharbor.engineering,True
bybit_fintech,*.bybit.com,True
bybit_fintech,*.bybit.com,True
navient_solutions,myaccount.navirefi.com,False
navient_solutions,www.pamcollections.com,False
navient_solutions,www.pampayments.com,False
navient_solutions,www.msbpay.com,False
navient_solutions,www.msbnexus.com,False
navient_solutions,msbpay.com,False
navient_solutions,dsparkingportal.com,False
navient_solutions,duncan.imageenforcement.com,False
navient_solutions,www.pamcollectionsin.com,False
navient_solutions,sandiegoadmin.dsmyportal.com,False
navient_solutions,www.nystapayment.com,False
navient_solutions,onlineserviceshub.com,False
navient_solutions,temp.msbpay.com,False
navient_solutions,temp.msbnexus.com,False
navient_solutions,payments.msbpay.navient.com,False
navient_solutions,www.navirefi.com,False
navient_solutions,apply2.navirefi.com,False
navient_solutions,wsmb2bresv.navient.com,False
navient_solutions,admin.msbnexus.navient.com,False
navient_solutions,sandiego.dsmyportal.com,False
navient_solutions,myaccount.navirefi.com,False
navient_solutions,dspayments.com/*,False
navient_solutions,www.pamcollections.com,False
navient_solutions,www.pampayments.com,False
navient_solutions,www.msbpay.com,False
navient_solutions,www.msbnexus.com,False
navient_solutions,admin.msbnexus.navient.com,False
navient_solutions,sandiego.dsmyportal.com,False
navient_solutions,msbpay.com,False
navient_solutions,dsparkingportal.com,False
navient_solutions,duncan.imageenforcement.com,False
navient_solutions,www.pamcollectionsin.com,False
navient_solutions,sandiegoadmin.dsmyportal.com,False
navient_solutions,www.nystapayment.com,False
navient_solutions,onlineserviceshub.com,False
navient_solutions,temp.msbpay.com,False
navient_solutions,temp.msbnexus.com,False
navient_solutions,payments.msbpay.navient.com,False
navient_solutions,www.navirefi.com,False
navient_solutions,apply2.navirefi.com,False
navient_solutions,wsmb2bresv.navient.com,False
frontegg,api.au.frontegg.com,True
frontegg,portal.au.frontegg.com,True
frontegg,api.au.frontegg.com,True
frontegg,portal.au.frontegg.com,True
cbre,*.trammellcrow.com,False
cbre,*.cbre-ea.com,False
cbre,*.cbreacquisitionholdings.com,False
cbre,*.cbreapps.com,False
cbre,*.cbrecap.com,False
cbre,*.cbreclarion.com,False
cbre,*.cbreemea.com,False
cbre,*.cbrehotels.com,False
cbre,*.cbrekorea.com,False
cbre,*.cbremega.com,False
cbre,*.cbremelody.com,False
cbre,*.cbreresidential.es,False
cbre,*.cbrevaluation.com.vn,False
cbre,*.cbrichardellis.com,False
cbre,*.centermanagement.ch,False
cbre,*.fameco.com,False
cbre,*.famecoretail.com,False
cbre,*.fmpilot2.com,False
cbre,*.greensoluce.com,False
cbre,*.hanaworkplaces.com,False
cbre,*.pkfc.com,False
cbre,*.axisvalue.com,False
cbre,mainstreamsasp.com,False
cbre,*.mainstreamsasp.com,False
cbre,*.bovis.es,False
cbre,*.cbreglobalinvestors.com,False
cbre,*.cbregres.com,False
cbre,*.cbreim.com,False
cbre,*.cbreinvestmentmanagement.com,False
cbre,*.cbreinvestors.com,False
cbre,*.coldrivertax.com,False
cbre,*.commercialloanservices.com,False
cbre,*.corporateproperty.com.au,False
cbre,*.e2ctechnology.com,False
cbre,*.mainstreamsasp.com,False
cbre,*.bovis.es,False
cbre,*.cbreglobalinvestors.com,False
cbre,*.cbregres.com,False
cbre,*.cbreim.com,False
cbre,*.cbreinvestmentmanagement.com,False
cbre,*.cbreinvestors.com,False
cbre,*.cbrevietnam.com,False
cbre,*.coldrivertax.com,False
cbre,*.commercialloanservices.com,False
cbre,*.corporateproperty.com.au,False
cbre,*.e2ctechnology.com,False
cbre,*.eashaw.co.uk,False
cbre,*.eashaw.com,False
cbre,*.envassetsvcs.com,False
cbre,*.facilitysource.com,False
cbre,*.floridavaluation.com,False
cbre,*.forumanalytics.com,False
cbre,*.hanaspaces.com,False
cbre,*.greatleasedeals.com,False
cbre,*.intego.dk,False
cbre,*.norland.sg,False
cbre,*.norlandcafm.co.uk,False
cbre,*.norlandenergy.com,False
cbre,*.norlandgreen.co.uk,False
cbre,*.norlandmanagedservices.com,False
cbre,*.norlandmanagedservices.ie,False
cbre,*.norlandmanagedservices.sg,False
cbre,*.norlandms.co.uk,False
cbre,*.norlandms.com,False
cbre,*.norlandms.ie,False
cbre,*.norlandprojects.co.uk,False
cbre,*.romonet.com,False
cbre,*.sequentra.com,False
cbre,*.siteready.com,False
cbre,*.sitereadyllc.com,False
cbre,*.spacespot.com,False
cbre,*.telfordhomes.london,False
cbre,*.thinkesi.com,False
cbre,*.uniongaming.com,False
cbre,*.usequities.com,False
cbre,*.cbre.*,False
cbre,*.trammellcrow.com,False
cbre,*.cbre-heery.com,False
cbre,*.cbrebuild.com,False
cbre,*.cbreonline.com.mx,False
cbre,*.cbre-ea.com,False
cbre,*.cbreacquisitionholdings.com,False
cbre,*.cbreapps.com,False
cbre,*.cbrecap.com,False
cbre,*.cbreclarion.com,False
cbre,*.cbreemea.com,False
cbre,*.cbrehotels.com,False
cbre,*.cbrekorea.com,False
cbre,*.cbremega.com,False
cbre,*.cbremelody.com,False
cbre,*.cbreresidential.es,False
cbre,*.cbrevaluation.com.vn,False
cbre,*.centermanagement.ch,False
cbre,*.fameco.com,False
cbre,*.famecoretail.com,False
cbre,*.greensoluce.com,False
cbre,*.hanaworkplaces.com,False
cbre,*.pkfc.com,False
cbre,*.axisvalue.com,False
cbre,mainstreamsasp.com,False
cbre,cbre-ea.com,False
cbre,dev.cbre-ea.com,False
cbre,qc.cbre-ea.com,False
cbre,test.cbre-ea.com,False
cbre,uaganon.cbre-ea.com,False
cbre,www.cbre-ea.com,False
cbre,www.test.cbre-ea.com,False
cbre,apps.facilitysource.com,False
cbre,autodiscover.facilitysource.com,False
cbre,blog.facilitysource.com,False
cbre,exchange.facilitysource.com,False
cbre,facilitysource.com,False
cbre,go.facilitysource.com,False
cbre,jobs.facilitysource.com,False
cbre,learning.facilitysource.com,False
cbre,mail.facilitysource.com,False
cbre,media.facilitysource.com,False
cbre,prtg.facilitysource.com,False
cbre,www.exchange.facilitysource.com,False
cbre,www.facilitysource.com,False
cbre,www.mail.facilitysource.com,False
cbre,www.prtg.facilitysource.com,False
cbre,cbrichardellis.com,False
cbre,cookie.cbrichardellis.com,False
cbre,gkc1.cbrichardellis.com,False
cbre,gkc2.cbrichardellis.com,False
cbre,gkc3.cbrichardellis.com,False
cbre,itrack.cbrichardellis.com,False
cbre,itrackii.cbrichardellis.com,False
cbre,japandesk.cbrichardellis.com,False
cbre,library.cbrichardellis.com,False
cbre,mail.cbrichardellis.com,False
cbre,navigator.cbrichardellis.com,False
cbre,piq.cbrichardellis.com,False
cbre,premier.cbrichardellis.com,False
cbre,search.cbrichardellis.com,False
cbre,searchnav.cbrichardellis.com,False
cbre,vol.cbrichardellis.com,False
cbre,vpn.cbrichardellis.com,False
cbre,webmail.cbrichardellis.com,False
cbre,www.cbrichardellis.com,False
cbre,www2.cbrichardellis.com,False
cbre,2fa.cbre.com,False
cbre,aac01.mydevices.cbre.com,False
cbre,activate-ui-blue.vas-plat.cbre.com,False
cbre,activate-ui-green.vas-plat.cbre.com,False
cbre,activate-ui-red.vas-plat.cbre.com,False
cbre,activate-ui-stg-green.vas-plat.cbre.com,False
cbre,activate-ui-stg.vas-plat.cbre.com,False
cbre,activate-ui-uat-green.vas-plat.cbre.com,False
cbre,activate-ui-uat.vas-plat.cbre.com,False
cbre,activate-ui.vas-plat.cbre.com,False
cbre,activesync.cbre.com,False
cbre,ad.experience.cbre.com,False
cbre,admin-blueprint.cbre.com,False
cbre,adobecloudlm.cbre.com,False
cbre,ae-tm.nonprod.cbre.com,False
cbre,ae-uat.nonprod.cbre.com,False
cbre,agent.cbre.com,False
cbre,agile.cbre.com,False
cbre,agribusiness.cbre.com,False
cbre,aloha-api-docs-dev.cbre.com,False
cbre,aloha-api-docs-qa.cbre.com,False
cbre,aloha-api-docs-stage.cbre.com,False
cbre,aloha-api-docs.cbre.com,False
cbre,aloha-api.cbre.com,False
cbre,aloha-api.dev.cbre.com,False
cbre,aloha-api.qa.cbre.com,False
cbre,aloha-assets.cbre.com,False
cbre,aloha-assets.nonprod.cbre.com,False
cbre,amex.locator.cbre.com,False
cbre,amlapi.cbre.com,False
cbre,analytics.cbre.com,False
cbre,angulardemo.emerald.cbre.com,False
cbre,annualreport.cbre.com,False
cbre,answers.chatbot.cbre.com,False
cbre,apacbi.cbre.com,False
cbre,apacgenetec.cbre.com,False
cbre,apacmysupplier.cbre.com,False
cbre,apacresearch-tm.nonprod.cbre.com,False
cbre,apacresearch.cbre.com,False
cbre,apbrazil-api-dev.cbre.com,False
cbre,apbrazil-api-qa.cbre.com,False
cbre,apbrazil-api-uat.cbre.com,False
cbre,apbrazil-api.cbre.com,False
cbre,apbrazil-dev.cbre.com,False
cbre,apbrazil-nonprod.cbre.com,False
cbre,apbrazil-qa.cbre.com,False
cbre,apbrazil-uat.cbre.com,False
cbre,apbrazil.cbre.com,False
cbre,api-agile.cbre.com,False
cbre,api-dev.cbre.com,False
cbre,api-dev.smartfm.cbre.com,False
cbre,api-prod.experience.cbre.com,False
cbre,api-qa.smartfm.cbre.com,False
cbre,api-sb.experience.cbre.com,False
cbre,api-test.cbre.com,False
cbre,api-tgm-dr.green.cbre.com,False
cbre,api-tgm-uat.green.cbre.com,False
cbre,api-tgm.green.cbre.com,False
cbre,api-uat.cbre.com,False
cbre,api-uat.smartfm.cbre.com,False
cbre,api-ukplatform.cbre.com,False
cbre,api.aggregate.cbre.com,False
cbre,api.autobuild.cbre.com,False
cbre,api.avm.cbre.com,False
cbre,api.benchmarker.cbre.com,False
cbre,api.bluesky.cbre.com,False
cbre,api.brokerhub.cbre.com,False
cbre,api.builder.cbre.com,False
cbre,api.cbre.com,False
cbre,api.dealiq.cbre.com,False
cbre,api.dev.forecaster.research.cbre.com,False
cbre,api.dev.locator.research.cbre.com,False
cbre,api.dev.performanceiq.cbre.com,False
cbre,api.devx.cbre.com,False
cbre,api.ea.login.cbre.com,False
cbre,api.experience.cbre.com,False
cbre,api.forecaster.cbre.com,False
cbre,api.forecaster.research.cbre.com,False
cbre,api.gsi.cbre.com,False
cbre,api.locator.cbre.com,False
cbre,api.locator.research.cbre.com,False
cbre,api.merge.locator.research.cbre.com,False
cbre,api.miq.cbre.com,False
cbre,api.myproperty.cbre.com,False
cbre,api.officeready.cbre.com,False
cbre,api.performanceiq.cbre.com,False
cbre,api.permissionsmanagement.cbre.com,False
cbre,api.pjm.cbre.com,False
cbre,api.pjmtech.cbre.com,False
cbre,api.qa.performanceiq.cbre.com,False
cbre,api.select.cbre.com,False
cbre,api.smartfm.cbre.com,False
cbre,api.staging.dealiq.cbre.com,False
cbre,api.staging.forecaster.research.cbre.com,False
cbre,api.staging.locator.research.cbre.com,False
cbre,api.test.forecaster.research.cbre.com,False
cbre,api.test.locator.research.cbre.com,False
cbre,apiapac-test.cbre.com,False
cbre,apiapac.cbre.com,False
cbre,apiausy-test.cbre.com,False
cbre,api.fmpilot2.com,False
cbre,autodiscover.fmpilot2.com,False
cbre,azqa-api.fmpilot2.com,False
cbre,azqa-dat.fmpilot2.com,False
cbre,azqa-int.fmpilot2.com,False
cbre,azqa-reporting.fmpilot2.com,False
cbre,azqa-sso.fmpilot2.com,False
cbre,azqa-ssoadmin.fmpilot2.com,False
cbre,azqa-ww2.fmpilot2.com,False
cbre,azqa.fmpilot2.com,False
cbre,azstaging-api-gateway.fmpilot2.com,False
cbre,azstaging-api.fmpilot2.com,False
cbre,azstaging-dat.fmpilot2.com,False
cbre,azstaging-int.fmpilot2.com,False
cbre,azstaging-reporting.fmpilot2.com,False
cbre,azstaging-sso.fmpilot2.com,False
cbre,azstaging-ssoadmin.fmpilot2.com,False
cbre,azstaging-thddat.fmpilot2.com,False
cbre,azstaging-ww2.fmpilot2.com,False
cbre,azstaging.fmpilot2.com,False
cbre,cpr.fmpilot2.com,False
cbre,dat.fmpilot2.com,False
cbre,demo-api.fmpilot2.com,False
cbre,demo.fmpilot2.com,False
cbre,dev-api.fmpilot2.com,False
cbre,dev-dat.fmpilot2.com,False
cbre,dev-int.fmpilot2.com,False
cbre,dev-reporting.fmpilot2.com,False
cbre,dev-serviceapi.fmpilot2.com,False
cbre,dev-sso.fmpilot2.com,False
cbre,dev-ssoadmin.fmpilot2.com,False
cbre,dev-ww2.fmpilot2.com,False
cbre,dev.fmpilot2.com,False
cbre,dynamicdispatch.fmpilot2.com,False
cbre,fmpilot2.com,False
cbre,ftp.fmpilot2.com,False
cbre,ifm-staging.fmpilot2.com,False
cbre,ifm.fmpilot2.com,False
cbre,integration.fmpilot2.com,False
cbre,iwp.fmpilot2.com,False
cbre,jenkins.fmpilot2.com,False
cbre,m-api.fmpilot2.com,False
cbre,o1.ptr7391.fmpilot2.com,False
cbre,perfomance.fmpilot2.com,False
cbre,preprod.fmpilot2.com,False
cbre,qa.fmpilot2.com,False
cbre,regression-api.fmpilot2.com,False
cbre,regression-dat.fmpilot2.com,False
cbre,regression-int.fmpilot2.com,False
cbre,regression-reporting.fmpilot2.com,False
cbre,regression-sso.fmpilot2.com,False
cbre,regression-ssoadmin.fmpilot2.com,False
cbre,regression-ww2.fmpilot2.com,False
cbre,regression.fmpilot2.com,False
cbre,reporting.fmpilot2.com,False
cbre,serviceapi.fmpilot2.com,False
cbre,smtp.fmpilot2.com,False
cbre,sql2019-api.fmpilot2.com,False
cbre,sql2019-dat.fmpilot2.com,False
cbre,sql2019-integration.fmpilot2.com,False
cbre,sql2019-ww2.fmpilot2.com,False
cbre,sql2019.fmpilot2.com,False
cbre,staging-api.fmpilot2.com,False
cbre,staging.fmpilot2.com,False
cbre,tableau.fmpilot2.com,False
cbre,temp-api.fmpilot2.com,False
cbre,temp-integration.fmpilot2.com,False
cbre,temp.fmpilot2.com,False
cbre,test.fmpilot2.com,False
cbre,testing.fmpilot2.com,False
cbre,thd-azstaging.fmpilot2.com,False
cbre,thd.fmpilot2.com,False
cbre,training.fmpilot2.com,False
cbre,ww2.fmpilot2.com,False
cbre,www.fmpilot2.com,False
cbre,www.iwp.fmpilot2.com,False
cbre,www.staging.fmpilot2.com,False
cbre,apiaz-dev.cbre.com,False
cbre,apiaz-test.cbre.com,False
cbre,apiaz.cbre.com,False
cbre,apiazapac-test.cbre.com,False
cbre,apiazapac.cbre.com,False
cbre,apiazemea-test.cbre.com,False
cbre,apiazemea.cbre.com,False
cbre,apiemea-test.cbre.com,False
cbre,apikey-test.cbre.com,False
cbre,apikey-uat.cbre.com,False
cbre,apikey.cbre.com,False
cbre,apimanager-uat.cbre.com,False
cbre,appdproxytest.cbre.com,False
cbre,apps.thelobby.cbre.com,False
cbre,apps.uat.thelobby.cbre.com,False
cbre,appstore.cbre.com,False
cbre,apuacmysupplier.cbre.com,False
cbre,ar-tm.nonprod.cbre.com,False
cbre,ar-uat.nonprod.cbre.com,False
cbre,archive.cbre.com,False
cbre,argentina.preview.cbre.com,False
cbre,argusweb.cbre.com,False
cbre,arguswebgi-test.cbre.com,False
cbre,arguswebgi.cbre.com,False
cbre,artifactory-dr.gcsonp.cbre.com,False
cbre,artifactory-new.gcso.cbre.com,False
cbre,artifactory-new.gcsonp.cbre.com,False
cbre,artifactory-staging.gcso.cbre.com,False
cbre,artifactory-staging.gcsonp.cbre.com,False
cbre,artifactory.gcso.cbre.com,False
cbre,artifactory.gcsonp.cbre.com,False
cbre,artifactory.pnonprod.gcso.cbre.com,False
cbre,as.myim.cbre.com,False
cbre,asianavigator.cbre.com,False
cbre,assetintel-qa.cbre.com,False
cbre,assetintel-uat.cbre.com,False
cbre,assetintel.cbre.com,False
cbre,assetiq.cbre.com,False
cbre,assetiqdev.cbre.com,False
cbre,assetiqpes.cbre.com,False
cbre,assetiqrec.cbre.com,False
cbre,assetiqtest.cbre.com,False
cbre,assetiquat.cbre.com,False
cbre,assetview.cbre.com,False
cbre,at-tm.nonprod.cbre.com,False
cbre,at-uat.nonprod.cbre.com,False
cbre,ataccama-dev.cbre.com,False
cbre,ataccama-dev2.cbre.com,False
cbre,ataccama-nonprod.cbre.com,False
cbre,ataccama-qa.cbre.com,False
cbre,ataccama-staging.cbre.com,False
cbre,ataccama-test.cbre.com,False
cbre,ataccama-uat.cbre.com,False
cbre,ataccama.cbre.com,False
cbre,atcouchdb-east.cbre.com,False
cbre,atcouchdb-west.cbre.com,False
cbre,atcouchdb.cbre.com,False
cbre,atcouchdbdev.cbre.com,False
cbre,atcouchdbdr.cbre.com,False
cbre,atcouchdbdrstaging.cbre.com,False
cbre,atcouchdbstaging-east.cbre.com,False
cbre,atcouchdbstaging-west.cbre.com,False
cbre,atcouchdbstaging.cbre.com,False
cbre,atcouchdbtest.cbre.com,False
cbre,aternity.cbre.com,False
cbre,au-uat.nonprod.cbre.com,False
cbre,authnavigator.cbre.com,False
cbre,authoring.cbre.com,False
cbre,autodiscover.cbre.com,False
cbre,ava-dev.cbre.com,False
cbre,ava-dr.cbre.com,False
cbre,ava-uat.cbre.com,False
cbre,ava.cbre.com,False
cbre,avaapi-dev.cbre.com,False
cbre,avaapi-dr.cbre.com,False
cbre,avaapi-uat.cbre.com,False
cbre,avaapi.cbre.com,False
cbre,avacs-dev.cbre.com,False
cbre,avacs-dr.cbre.com,False
cbre,avacs-uat.cbre.com,False
cbre,avacs.cbre.com,False
cbre,avm.cbre.com,False
cbre,axiscp-test.cbre.com,False
cbre,az.experience.cbre.com,False
cbre,b2c.experience.cbre.com,False
cbre,bam.cbre.com,False
cbre,bamdev.cbre.com,False
cbre,bamdevmapexportapi.cbre.com,False
cbre,bamdevmaplogoapi.cbre.com,False
cbre,bamdevmapstoreapi.cbre.com,False
cbre,bamdevmapuserapi.cbre.com,False
cbre,bammapexportapi.cbre.com,False
cbre,bammaplogoapi.cbre.com,False
cbre,bammapstoreapi.cbre.com,False
cbre,bammapuserapi.cbre.com,False
cbre,bampilot.cbre.com,False
cbre,bampilotmapexportapi.cbre.com,False
cbre,bampilotmaplogoapi.cbre.com,False
cbre,bampilotmapstoreapi.cbre.com,False
cbre,bampilotmapuserapi.cbre.com,False
cbre,bamstaging.cbre.com,False
cbre,bamstagingmapexportapi.cbre.com,False
cbre,bamstagingmapstoreapi.cbre.com,False
cbre,bamstagingmapuserapi.cbre.com,False
cbre,bamuat.cbre.com,False
cbre,bamuatmapexportapi.cbre.com,False
cbre,bamuatmaplogoapi.cbre.com,False
cbre,bamuatmapstoreapi.cbre.com,False
cbre,bamuatmapuserapi.cbre.com,False
cbre,be-tm.nonprod.cbre.com,False
cbre,be-uat.nonprod.cbre.com,False
cbre,benchmarker.cbre.com,False
cbre,bg-tm.nonprod.cbre.com,False
cbre,bg-uat.nonprod.cbre.com,False
cbre,bh-tm.nonprod.cbre.com,False
cbre,bh-uat.nonprod.cbre.com,False
cbre,bi.cbre.com,False
cbre,blue.api-dev.cbre.com,False
cbre,blue.api-gwm-dev.cbre.com,False
cbre,blue.api.cbre.com,False
cbre,blue.apikey-dev.cbre.com,False
cbre,blue.apikey.cbre.com,False
cbre,blue.apimanager-dev.cbre.com,False
cbre,blue.apimanager.cbre.com,False
cbre,blue.developer-dev.cbre.com,False
cbre,blue.developer.cbre.com,False
cbre,blueprint.cbre.com,False
cbre,bluesky.cbre.com,False
cbre,bo2.gcso.cbre.com,False
cbre,borrowerportal.uat.cbre.com,False
cbre,borrowerservices.cbre.com,False
cbre,borrowerservices.uat.cbre.com,False
cbre,boss.cbre.com,False
cbre,bossearch-dev.cbre.com,False
cbre,bossearch.cbre.com,False
cbre,bpworkplacetoolkit.cbre.com,False
cbre,bq.cbre.com,False
cbre,br-tm.nonprod.cbre.com,False
cbre,br-uat.nonprod.cbre.com,False
cbre,brand.cbre.com,False
cbre,brokerdashboard.cbre.com,False
cbre,brokerhub-dev.cbre.com,False
cbre,brokerhub-qa.cbre.com,False
cbre,brokerhub-uat.cbre.com,False
cbre,brokerhub.cbre.com,False
cbre,bt.locator.cbre.com,False
cbre,btuat.locator.cbre.com,False
cbre,build.cbre.com,False
cbre,build3ddev.cbre.com,False
cbre,build3dpes.cbre.com,False
cbre,build3dstaging.cbre.com,False
cbre,build3dtest.cbre.com,False
cbre,build3duat.cbre.com,False
cbre,builder.cbre.com,False
cbre,bulgaria.preview.cbre.com,False
cbre,businessanalytics2.cbre.com,False
cbre,businessinsights.cbre.com,False
cbre,ca-uat.nonprod.cbre.com,False
cbre,calc.cbre.com,False
cbre,calcstaging.cbre.com,False
cbre,cap-tm.nonprod.cbre.com,False
cbre,cap-uat.nonprod.cbre.com,False
cbre,capitalflow.cbre.com,False
cbre,capitalflows.cbre.com,False
cbre,capitalmarkets.cbre.com,False
cbre,caproxy.cbre.com,False
cbre,caproxyfte.cbre.com,False
cbre,caproxyuat.cbre.com,False
cbre,capstonepipeline-dev.cbre.com,False
cbre,capstonepipeline-test.cbre.com,False
cbre,capstonepipeline.cbre.com,False
cbre,careers.cbre.com,False
cbre,casso.cbre.com,False
cbre,cassofte.cbre.com,False
cbre,cassouat.cbre.com,False
cbre,cbftp-azure.cbre.com,False
cbre,cbftp-dev-azure.cbre.com,False
cbre,cbftp-dev.cbre.com,False
cbre,cbftp-dr.cbre.com,False
cbre,cbftp-test-azure.cbre.com,False
cbre,cbftp-test.cbre.com,False
cbre,cbftp.cbre.com,False
cbre,cbre.com,False
cbre,cbre.locator.cbre.com,False
cbre,cbreapps.cbre.com,False
cbre,cbredemoutility-dev.cbre.com,False
cbre,cbredemoutility-test.cbre.com,False
cbre,cbredemoutility.cbre.com,False
cbre,cbrehotels.preview.cbre.com,False
cbre,cbreim-uat.nonprod.cbre.com,False
cbre,cbreloanflow.cbre.com,False
cbre,cbremarketrentcycle-uat.cbre.com,False
cbre,cbremarketrentcycle.cbre.com,False
cbre,cbrenow.cbre.com,False
cbre,cbrenowdev.cbre.com,False
cbre,cbrenowdev3.cbre.com,False
cbre,cbrenowpreprod.cbre.com,False
cbre,cbrenowsandbox.cbre.com,False
cbre,cbrenowtest.cbre.com,False
cbre,cbrepursuits.cbre.com,False
cbre,cbreresidential-uat.nonprod.cbre.com,False
cbre,cbreuat.locator.cbre.com,False
cbre,cbreyardi.cbre.com,False
cbre,ccoe.cbre.com,False
cbre,ccsg.cbre.com,False
cbre,cdm-api-dev.cbre.com,False
cbre,cdm-api-dr.cbre.com,False
cbre,cdm-api-qa.cbre.com,False
cbre,cdm-api-uat.cbre.com,False
cbre,cdm-api.cbre.com,False
cbre,cdm-dev.cbre.com,False
cbre,cdm-dr.cbre.com,False
cbre,cdm-nonprod.cbre.com,False
cbre,cdm-prod.cbre.com,False
cbre,cdm-qa.cbre.com,False
cbre,cdm-uat.cbre.com,False
cbre,cdm.cbre.com,False
cbre,ch-tm.nonprod.cbre.com,False
cbre,ch-uat.nonprod.cbre.com,False
cbre,chatbot.cbre.com,False
cbre,chef.cloudeng.cbre.com,False
cbre,chinataxplus.cbre.com,False
cbre,ciqtops2-prod.cbre.com,False
cbre,ciqtops2-test.cbre.com,False
cbre,ckc-staging.cbre.com,False
cbre,ckc.cbre.com,False
cbre,ckc.glb.cbre.com,False
cbre,cl-tm.nonprod.cbre.com,False
cbre,cl-uat.nonprod.cbre.com,False
cbre,clarion-tm.nonprod.cbre.com,False
cbre,clarion-uat.nonprod.cbre.com,False
cbre,clients.cbre.com,False
cbre,cloudops-atlantis.cbre.com,False
cbre,cloudops.cbre.com,False
cbre,cloudpermissions-dev.cbre.com,False
cbre,cloudpermissions-nonprod.cbre.com,False
cbre,cloudpermissions.cbre.com,False
cbre,cloudtest.cbre.com,False
cbre,cmms-auth-e-blue.serviceinsight.cbre.com,False
cbre,cmms-auth-e-green.serviceinsight.cbre.com,False
cbre,cmms-auth-w-blue.serviceinsight.cbre.com,False
cbre,cmms-auth-w-green.serviceinsight.cbre.com,False
cbre,cmms-auth.serviceinsight.cbre.com,False
cbre,cmms-east-gw.serviceinsight.cbre.com,False
cbre,cmms-emea-gw-c-blue.serviceinsight.cbre.com,False
cbre,cmms-emea-gw-c-green.serviceinsight.cbre.com,False
cbre,cmms-emea-gw-e-blue.serviceinsight.cbre.com,False
cbre,cmms-emea-gw-e-green.serviceinsight.cbre.com,False
cbre,cmms-gw-c-blue.serviceinsight.cbre.com,False
cbre,cmms-gw-c-green.serviceinsight.cbre.com,False
cbre,cmms-gw-e-blue.serviceinsight.cbre.com,False
cbre,cmms-gw-e-green.serviceinsight.cbre.com,False
cbre,cmms-gw-w-blue.serviceinsight.cbre.com,False
cbre,cmms-gw-w-green.serviceinsight.cbre.com,False
cbre,cmms-west-gw.serviceinsight.cbre.com,False
cbre,cmms.serviceinsight.cbre.com,False
cbre,cms.cbre.com,False
cbre,cms2.cbre.com,False
cbre,cmsauthoring.cbre.com,False
cbre,cn-uat.nonprod.cbre.com,False
cbre,co-tm.nonprod.cbre.com,False
cbre,co-uat.nonprod.cbre.com,False
cbre,codeengine-prod-console.cbre.com,False
cbre,codeengine-prod.cbre.com,False
cbre,colombia.preview.cbre.com,False
cbre,columbus.cbre.com,False
cbre,commercialloanservices.uat.cbre.com,False
cbre,confluence.cbre.com,False
cbre,connectedadvantage.cbre.com,False
cbre,core.cbre.com,False
cbre,coreclient-ui-blue.vas-plat.cbre.com,False
cbre,coreclient-ui-green.vas-plat.cbre.com,False
cbre,coreclient-ui-red.vas-plat.cbre.com,False
cbre,coreclient-ui-stg-green.vas-plat.cbre.com,False
cbre,coreclient-ui-stg.vas-plat.cbre.com,False
cbre,coreclient-ui-uat-green.vas-plat.cbre.com,False
cbre,coreclient-ui-uat.vas-plat.cbre.com,False
cbre,coreclient-ui.vas-plat.cbre.com,False
cbre,cort.cbre.com,False
cbre,costargw-dev.cbre.com,False
cbre,costargw.cbre.com,False
cbre,costlab.cbre.com,False
cbre,costlibrary.cbre.com,False
cbre,crm-int-dr.cbre.com,False
cbre,crm-int.cbre.com,False
cbre,crm.cbre.com,False
cbre,crm.pnonprod.gcso.cbre.com,False
cbre,crmemea.cbre.com,False
cbre,crmmix.cbre.com,False
cbre,crmmixrpt-test.cbre.com,False
cbre,crmmyhrsc.cbre.com,False
cbre,crmusuat.cbre.com,False
cbre,crystal-ball-gateway.serviceinsight.cbre.com,False
cbre,crystal-ball.serviceinsight.cbre.com,False
cbre,cs-dev.intrepid.cbre.com,False
cbre,cs.intrepid.cbre.com,False
cbre,csg.cbre.com,False
cbre,csgdr.cbre.com,False
cbre,csghi.cbre.com,False
cbre,csgi.cbre.com,False
cbre,cyprus-uat.cbre.com,False
cbre,cyprus.cbre.com,False
cbre,cz-tm.nonprod.cbre.com,False
cbre,cz-uat.nonprod.cbre.com,False
cbre,dashboard.cbre.com,False
cbre,datamgmt.greenqa.cbre.com,False
cbre,db-tops2-dev.cbre.com,False
cbre,db-tops2-uat.cbre.com,False
cbre,db-tops2.cbre.com,False
cbre,db.vas-core-platform-uat.cbre.com,False
cbre,db.vas-core-platform.cbre.com,False
cbre,de-uat.nonprod.cbre.com,False
cbre,dealdata-jyusetsu.cbre.com,False
cbre,dealdata-oss-dev.cbre.com,False
cbre,dealdata-oss-dev2.cbre.com,False
cbre,dealdata-oss-sit.cbre.com,False
cbre,dealdata-oss-sit2.cbre.com,False
cbre,dealdata-oss-uat.cbre.com,False
cbre,dealdata-oss-uat2.cbre.com,False
cbre,dealdata-oss.cbre.com,False
cbre,dealdata-oss2.cbre.com,False
cbre,dealdata-report-sup.cbre.com,False
cbre,dealdata-report-uat.cbre.com,False
cbre,dealdata-report.cbre.com,False
cbre,dealdata-sup.cbre.com,False
cbre,dealdata-tohon-sup.cbre.com,False
cbre,dealdata-tohon-uat.cbre.com,False
cbre,dealdata-tohon.cbre.com,False
cbre,dealdata-uat.cbre.com,False
cbre,dealdata.cbre.com,False
cbre,dealdata.twistlock.gcso.cbre.com,False
cbre,dealdatajyusetsu-uat.cbre.com,False
cbre,dealdatareport-sup.cbre.com,False
cbre,dealdatareport-uat.cbre.com,False
cbre,dealdatatohon-sup.cbre.com,False
cbre,dealdatatohon-uat.cbre.com,False
cbre,dealiq.cbre.com,False
cbre,dealstream.cbre.com,False
cbre,deepmind.locator.cbre.com,False
cbre,deepminduat.locator.cbre.com,False
cbre,demo-assetview.cbre.com,False
cbre,demo.gopulse.cbre.com,False
cbre,demo.locator.cbre.com,False
cbre,depositary-cbreglobalinvestors.glb.cbre.com,False
cbre,dev-agile.cbre.com,False
cbre,dev-api.avm.cbre.com,False
cbre,dev-artifactory.gcsonp.cbre.com,False
cbre,dev-assetview.cbre.com,False
cbre,dev-calcstaging.cbre.com,False
cbre,dev-cmms-auth.serviceinsight.cbre.com,False
cbre,dev-cmms.serviceinsight.cbre.com,False
cbre,dev-core.cbre.com,False
cbre,dev-costlab.cbre.com,False
cbre,dev-enterprise.serviceinsight.cbre.com,False
cbre,dev-gateway.serviceinsight.cbre.com,False
cbre,dev-gw.cbreone.cbre.com,False
cbre,dev-lightbox.cbre.com,False
cbre,dev-media.cbreone.cbre.com,False
cbre,dev-mriasia.cbre.com,False
cbre,dev-reports-int.cbre.com,False
cbre,dev-serviceinsight.cbre.com,False
cbre,dev-siif-gateway.serviceinsight.cbre.com,False
cbre,dev-tempest-gateway.serviceinsight.cbre.com,False
cbre,dev-tempest.serviceinsight.cbre.com,False
cbre,dev-tfs.cbre.com,False
cbre,dev-workplace.cbre.com,False
cbre,dev-x.cbre.com,False
cbre,dev-x.preprod.cbre.com,False
cbre,dev.angulardemo.emerald.cbre.com,False
cbre,dev.api.autobuild.cbre.com,False
cbre,dev.api.benchmarker.cbre.com,False
cbre,dev.api.builder.cbre.com,False
cbre,dev.api.ea.login.cbre.com,False
cbre,dev.api.gsi.cbre.com,False
cbre,dev.api.locator.cbre.com,False
cbre,dev.api.myproperty.cbre.com,False
cbre,dev.api.performanceiq.cbre.com,False
cbre,dev.artifactory.gcsonp.cbre.com,False
cbre,dev.autobuild.cbre.com,False
cbre,dev.avm.cbre.com,False
cbre,dev.benchmarker.cbre.com,False
cbre,dev.brokerhub.cbre.com,False
cbre,dev.builder.cbre.com,False
cbre,dev.capitalflows.cbre.com,False
cbre,dev.cbreone.cbre.com,False
cbre,dev.dealstream.cbre.com,False
cbre,dev.deliverable.brokerhub.cbre.com,False
cbre,dev.devopsmetrics.cbre.com,False
cbre,dev.devopsportal.cbre.com,False
cbre,dev.devx.cbre.com,False
cbre,dev.docs.emerald.cbre.com,False
cbre,dev.experience.cbre.com,False
cbre,dev.flatfileui.brokerhub.cbre.com,False
cbre,dev.forecaster.cbre.com,False
cbre,dev.forecaster.research.cbre.com,False
cbre,dev.gopulse.cbre.com,False
cbre,dev.horizons.cbre.com,False
cbre,dev.import.capitalflows.cbre.com,False
cbre,dev.intrepid.cbre.com,False
cbre,dev.locator.cbre.com,False
cbre,dev.locator.research.cbre.com,False
cbre,dev.myproperty.cbre.com,False
cbre,dev.officeready-np.cbre.com,False
cbre,dev.performanceiq.cbre.com,False
cbre,dev.pie.cbre.com,False
cbre,dev.pjmtech-np.cbre.com,False
cbre,dev.report.capitalflows.cbre.com,False
cbre,dev.smartfm.cbre.com,False
cbre,dev.storybook.emerald.cbre.com,False
cbre,dev.surveycreator.brokerhub.cbre.com,False
cbre,dev.tether.cbre.com,False
cbre,dev.transaction.capitalflows.cbre.com,False
cbre,dev.vantageanalytics.cbre.com,False
cbre,devapi-ukplatform.cbre.com,False
cbre,devapi.devx.cbre.com,False
cbre,devapi.officeready-np.cbre.com,False
cbre,devapi.pjmtech-np.cbre.com,False
cbre,devartifactory.gcsonp.cbre.com,False
cbre,developer-dev.cbre.com,False
cbre,developer-test.cbre.com,False
cbre,developer-uat.cbre.com,False
cbre,developer.cbre.com,False
cbre,devforecaster.cbre.com,False
cbre,devgws-sr-middleware.cbre.com,False
cbre,devhkgopulse.cbre.com,False
cbre,deviceauth.cbre.com,False
cbre,devops-auth-e-blue.serviceinsight.cbre.com,False
cbre,devops-auth-e-green.serviceinsight.cbre.com,False
cbre,devops-auth-si.cbre.com,False
cbre,devops-auth-w-blue.serviceinsight.cbre.com,False
cbre,devops-auth-w-green.serviceinsight.cbre.com,False
cbre,devops-c-blue-gw.serviceinsight.cbre.com,False
cbre,devops-c-green-gw.serviceinsight.cbre.com,False
cbre,devops-cmms-auth.serviceinsight.cbre.com,False
cbre,devops-cmms-e-bluegw.serviceinsight.cbre.com,False
cbre,devops-cmms-e-greengw.serviceinsight.cbre.com,False
cbre,devops-cmms-w-bluegw.serviceinsight.cbre.com,False
cbre,devops-cmms-w-greengw.serviceinsight.cbre.com,False
cbre,devops-cmms.serviceinsight.cbre.com,False
cbre,devops-e-blue-gw.serviceinsight.cbre.com,False
cbre,devops-e-green-gw.serviceinsight.cbre.com,False
cbre,devops-egateway-si.cbre.com,False
cbre,devops-gateway-si.cbre.com,False
cbre,devops-gw-e-blue.serviceinsight.cbre.com,False
cbre,devops-gw-e-green.serviceinsight.cbre.com,False
cbre,devops-gw-w-blue.serviceinsight.cbre.com,False
cbre,devops-gw-w-green.serviceinsight.cbre.com,False
cbre,devops-serviceinsight.cbre.com,False
cbre,devops-siif-c-blue-gw.serviceinsight.cbre.com,False
cbre,devops-siif-c-green-gw.serviceinsight.cbre.com,False
cbre,devops-siif-config.cbre.com,False
cbre,devops-siif-console.cbre.com,False
cbre,devops-siif-e-blue-gw.serviceinsight.cbre.com,False
cbre,devops-siif-e-green-gw.serviceinsight.cbre.com,False
cbre,devops-siif-engine.cbre.com,False
cbre,devops-w-blue-gw.serviceinsight.cbre.com,False
cbre,devops-w-green-gw.serviceinsight.cbre.com,False
cbre,devopscoe.twistlock.gcso.cbre.com,False
cbre,devopsmetrics.cbre.com,False
cbre,devopsportal.cbre.com,False
cbre,devpermissionsmanagement.cbre.com,False
cbre,devpmforecaster.cbre.com,False
cbre,devpmlocator.cbre.com,False
cbre,devsygopulse.cbre.com,False
cbre,devui.officeready-np.cbre.com,False
cbre,devx.cbre.com,False
cbre,dex-vault-eks.gcsonp.cbre.com,False
cbre,dex-vault-pp.gcso.cbre.com,False
cbre,dex-vault-staging.gcsonp.cbre.com,False
cbre,dex-vault.gcsonp.cbre.com,False
cbre,dexdev.gcsonp.cbre.com,False
cbre,dialin.cbre.com,False
cbre,dimension-next.cbre.com,False
cbre,dimension.cbre.com,False
cbre,dimension.glb.cbre.com,False
cbre,dimensiondev.cbre.com,False
cbre,dimensionserver.cbre.com,False
cbre,dimensionserver.glb.cbre.com,False
cbre,dimensionserveradmin.cbre.com,False
cbre,dimensionserverdev.cbre.com,False
cbre,dimensionserveruat.cbre.com,False
cbre,dimensionuat.cbre.com,False
cbre,disruptech-test.cbre.com,False
cbre,disruptechapi-dev.cbre.com,False
cbre,disruptechapi-test.cbre.com,False
cbre,diversity.cbre.com,False
cbre,dk-uat.nonprod.cbre.com,False
cbre,docket-emea.cbre.com,False
cbre,docs.emerald.cbre.com,False
cbre,doctracker.cbre.com,False
cbre,download.myim.cbre.com,False
cbre,dr-insightreporting.cbre.com,False
cbre,dr.api.cbre.com,False
cbre,dr.apikey.cbre.com,False
cbre,dr.apimanager.cbre.com,False
cbre,dr.developer.cbre.com,False
cbre,drcsg.cbre.com,False
cbre,drmyapps.cbre.com,False
cbre,ds.chatbot.cbre.com,False
cbre,dsr.cbre.com,False
cbre,dtestapi.devx.cbre.com,False
cbre,e-valuation.cbre.com,False
cbre,eap.twistlock.gcso.cbre.com,False
cbre,ecerm.cbre.com,False
cbre,echo-asdf.gcso.cbre.com,False
cbre,echo-tls.pnonprod.gcso.cbre.com,False
cbre,echo.artifactory-staging.gcso.cbre.com,False
cbre,echo.artifactory-staging.gcsonp.cbre.com,False
cbre,echo.artifactory.gcso.cbre.com,False
cbre,echo.artifactory.gcsonp.cbre.com,False
cbre,echo.gcso.cbre.com,False
cbre,echo.gcsonp.cbre.com,False
cbre,echo.pnonprod.gcso.cbre.com,False
cbre,echo.pprod.gcso.cbre.com,False
cbre,echo.twistlock.gcso.cbre.com,False
cbre,echo.twistlock.gcsonp.cbre.com,False
cbre,echo.twistlock.pnonprod.gcso.cbre.com,False
cbre,echo.us.artifactory-staging.gcsonp.cbre.com,False
cbre,echo.us.artifactory.gcsonp.cbre.com,False
cbre,echo2.gcso.cbre.com,False
cbre,ecm-np.cbre.com,False
cbre,ecm.cbre.com,False
cbre,ecmdev.cbre.com,False
cbre,ecmp-test-letsencrypt.cloudeng.cbre.com,False
cbre,ecmtest.cbre.com,False
cbre,ecs-staging.cbre.com,False
cbre,ecs.cbre.com,False
cbre,edpdevops.twistlock.gcso.cbre.com,False
cbre,edpstats.miq.cbre.com,False
cbre,eft.cbre.com,False
cbre,eftcloud-test.cbre.com,False
cbre,eftcloud.cbre.com,False
cbre,eftdr.cbre.com,False
cbre,efttest.cbre.com,False
cbre,egypt-tm.nonprod.cbre.com,False
cbre,egypt-uat.nonprod.cbre.com,False
cbre,egypt.cbre.com,False
cbre,eig.cbre.com,False
cbre,eip.cbre.com,False
cbre,eip.twistlock.gcso.cbre.com,False
cbre,elearnresources.cbre.com,False
cbre,email.cbre.com,False
cbre,emeainsightreporting-test.cbre.com,False
cbre,emeainsightreporting.cbre.com,False
cbre,emerald.cbre.com,False
cbre,emsoffice.cbre.com,False
cbre,enterprise-gw.serviceinsight.cbre.com,False
cbre,erpbinotification.cbre.com,False
cbre,es-uat.nonprod.cbre.com,False
cbre,esmdrsbcp002.cbre.com,False
cbre,estimator-api-uat.cbre.com,False
cbre,estimator-uat.cbre.com,False
cbre,eventhorizon.dealiq.cbre.com,False
cbre,execudash.cbre.com,False
cbre,exta.cbre.com,False
cbre,f5auth.cbre.com,False
cbre,fastreport-uat.cbre.com,False
cbre,fastreport.cbre.com,False
cbre,fastreport2.cbre.com,False
cbre,fedsso.cbre.com,False
cbre,fi-uat.nonprod.cbre.com,False
cbre,flatfileui.brokerhub.cbre.com,False
cbre,flooredproducts.cbre.com,False
cbre,fmdashboard.cbre.com,False
cbre,fmsdemo-aws.dev.gcso.cbre.com,False
fronthq,api2.frontapp.com,True
fronthq,app.frontapp.com,True
fronthq,app.frontapp.com,True
fronthq,api2.frontapp.com,True
boozt,*.booztlet.com,True
boozt,*.boozt.com,True
boozt,*.boozt.com,True
boozt,*.booztlet.com,True